-- 用户表数据
INSERT INTO t_users (id, username, password, phone, email, avatar, user_type, status, create_time, update_time,
                     del_flag)
VALUES (1, 'admin', '123456', '13800138001', 'admin@example.com', 'https://example.com/avatar/admin.jpg', 2, 0,
        CURRENT_TIMESTAMP, CURRENT_TIMESTAMP, 0),
       (2, 'user1', '123456', '13800138002', 'user1@example.com', 'https://example.com/avatar/user1.jpg', 0, 0,
        CURRENT_TIMESTAMP, CURRENT_TIMESTAMP, 0),
       (3, 'user2', '123456', '13800138003', 'user2@example.com', 'https://example.com/avatar/user2.jpg', 0, 0,
        CURRENT_TIMESTAMP, CURRENT_TIMESTAMP, 0),
       (4, 'user3', '123456', '13800138004', 'user3@example.com', 'https://example.com/avatar/user3.jpg', 0, 0,
        CURRENT_TIMESTAMP, CURRENT_TIMESTAMP, 0),
       (5, 'user4', '123456', '13800138005', 'user4@example.com', 'https://example.com/avatar/user4.jpg', 0, 0,
        CURRENT_TIMESTAMP, CURRENT_TIMESTAMP, 0),
       (6, 'user5', '123456', '13800138006', 'user5@example.com', 'https://example.com/avatar/user5.jpg', 0, 0,
        CURRENT_TIMESTAMP, CURRENT_TIMESTAMP, 0),
       (7, 'user6', '123456', '13800138007', 'user6@example.com', 'https://example.com/avatar/user6.jpg', 0, 0,
        CURRENT_TIMESTAMP, CURRENT_TIMESTAMP, 0),
       (8, 'user7', '123456', '13800138008', 'user7@example.com', 'https://example.com/avatar/user7.jpg', 0, 0,
        CURRENT_TIMESTAMP, CURRENT_TIMESTAMP, 0),
       (9, 'user8', '123456', '13800138009', 'user8@example.com', 'https://example.com/avatar/user8.jpg', 0, 0,
        CURRENT_TIMESTAMP, CURRENT_TIMESTAMP, 0),
       (10, 'user9', '123456', '13800138010', 'user9@example.com', 'https://example.com/avatar/user9.jpg', 0, 0,
        CURRENT_TIMESTAMP, CURRENT_TIMESTAMP, 0),
       (11, 'farmer1', '123456', '13800138011', 'farmer1@example.com', 'https://example.com/avatar/farmer1.jpg', 1, 0,
        CURRENT_TIMESTAMP, CURRENT_TIMESTAMP, 0),
       (12, 'farmer2', '123456', '13800138012', 'farmer2@example.com', 'https://example.com/avatar/farmer2.jpg', 1, 0,
        CURRENT_TIMESTAMP, CURRENT_TIMESTAMP, 0),
       (13, 'farmer3', '123456', '13800138013', 'farmer3@example.com', 'https://example.com/avatar/farmer3.jpg', 1, 0,
        CURRENT_TIMESTAMP, CURRENT_TIMESTAMP, 0),
       (14, 'farmer4', '123456', '13800138014', 'farmer4@example.com', 'https://example.com/avatar/farmer4.jpg', 1, 0,
        CURRENT_TIMESTAMP, CURRENT_TIMESTAMP, 0),
       (15, 'farmer5', '123456', '13800138015', 'farmer5@example.com', 'https://example.com/avatar/farmer5.jpg', 1, 0,
        CURRENT_TIMESTAMP, CURRENT_TIMESTAMP, 0),
       (16, 'farmer6', '123456', '13800138016', 'farmer6@example.com', 'https://example.com/avatar/farmer6.jpg', 1, 0,
        CURRENT_TIMESTAMP, CURRENT_TIMESTAMP, 0),
       (17, 'farmer7', '123456', '13800138017', 'farmer7@example.com', 'https://example.com/avatar/farmer7.jpg', 1, 0,
        CURRENT_TIMESTAMP, CURRENT_TIMESTAMP, 0),
       (18, 'farmer8', '123456', '13800138018', 'farmer8@example.com', 'https://example.com/avatar/farmer8.jpg', 1, 0,
        CURRENT_TIMESTAMP, CURRENT_TIMESTAMP, 0),
       (19, 'farmer9', '123456', '13800138019', 'farmer9@example.com', 'https://example.com/avatar/farmer9.jpg', 1, 0,
        CURRENT_TIMESTAMP, CURRENT_TIMESTAMP, 0),
       (20, 'farmer10', '123456', '13800138020', 'farmer10@example.com', 'https://example.com/avatar/farmer10.jpg', 1,
        0, CURRENT_TIMESTAMP, CURRENT_TIMESTAMP, 0);

-- 农户表数据
INSERT INTO t_farmer (id, user_id, real_name, id_card, house_address, farm_name, farm_address, farm_area, breeding_type,
                      business_license_no, business_license_pic, environment_images, featured_flag, remark, review_status, review_user_id, review_remark,
                      create_time, update_time, del_flag)
VALUES (1, 11, '张三', '110101199001011234', '北京市朝阳区', '张三养殖场', '北京市朝阳区农场路1号', 100.5, '猪',
        123456789012345678, 'https://example.com/license/farmer1.jpg',
        'https://example.com/farmer/environment/farmer1-1.jpg,https://example.com/farmer/environment/farmer1-2.jpg', 1,
        '申请养殖许可证', 1, '1', '审核通过',
        CURRENT_TIMESTAMP, CURRENT_TIMESTAMP, 0),
       (2, 12, '李四', '110101199002022345', '北京市海淀区', '李四养殖场', '北京市海淀区农场路2号', 150.8, '牛',
        234567890123456789, 'https://example.com/license/farmer2.jpg',
        'https://example.com/farmer/environment/farmer2-1.jpg,https://example.com/farmer/environment/farmer2-2.jpg', 1,
        '申请养殖许可证', 1, '1', '审核通过',
        CURRENT_TIMESTAMP, CURRENT_TIMESTAMP, 0),
       (3, 13, '王五', '110101199003033456', '北京市丰台区', '王五养殖场', '北京市丰台区农场路3号', 200.3, '羊',
        345678901234567890, 'https://example.com/license/farmer3.jpg',
        'https://example.com/farmer/environment/farmer3-1.jpg,https://example.com/farmer/environment/farmer3-2.jpg', 1,
        '申请养殖许可证', 1, '1', '审核通过',
        CURRENT_TIMESTAMP, CURRENT_TIMESTAMP, 0),
       (4, 14, '赵六', '110101199004044567', '北京市西城区', '赵六养殖场', '北京市西城区农场路4号', 80.2, '鸡',
        456789012345678901, 'https://example.com/license/farmer4.jpg',
        'https://example.com/farmer/environment/farmer4-1.jpg,https://example.com/farmer/environment/farmer4-2.jpg', 1,
        '申请养殖许可证', 1, '1', '审核通过',
        CURRENT_TIMESTAMP, CURRENT_TIMESTAMP, 0),
       (5, 15, '孙七', '110101199005055678', '北京市东城区', '孙七养殖场', '北京市东城区农场路5号', 120.6, '鸭',
        567890123456789012, 'https://example.com/license/farmer5.jpg',
        'https://example.com/farmer/environment/farmer5-1.jpg,https://example.com/farmer/environment/farmer5-2.jpg', 0,
        '申请养殖许可证', 1, '1', '审核通过',
        CURRENT_TIMESTAMP, CURRENT_TIMESTAMP, 0),
       (6, 16, '周八', '110101199006066789', '北京市石景山区', '周八养殖场', '北京市石景山区农场路6号', 90.4, '鹅',
        678901234567890123, 'https://example.com/license/farmer6.jpg',
        'https://example.com/farmer/environment/farmer6-1.jpg,https://example.com/farmer/environment/farmer6-2.jpg', 0,
        '申请养殖许可证', 1, '1', '审核通过',
        CURRENT_TIMESTAMP, CURRENT_TIMESTAMP, 0),
       (7, 17, '吴九', '110101199007077890', '北京市通州区', '吴九养殖场', '北京市通州区农场路7号', 180.7, '鱼',
        789012345678901234, 'https://example.com/license/farmer7.jpg',
        'https://example.com/farmer/environment/farmer7-1.jpg,https://example.com/farmer/environment/farmer7-2.jpg', 0,
        '申请养殖许可证', 1, '1', '审核通过',
        CURRENT_TIMESTAMP, CURRENT_TIMESTAMP, 0),
       (8, 18, '郑十', '110101199008088901', '北京市昌平区', '郑十养殖场', '北京市昌平区农场路8号', 160.9, '兔子',
        890123456789012345, 'https://example.com/license/farmer8.jpg',
        'https://example.com/farmer/environment/farmer8-1.jpg,https://example.com/farmer/environment/farmer8-2.jpg', 0,
        '申请养殖许可证', 1, '1', '审核通过',
        CURRENT_TIMESTAMP, CURRENT_TIMESTAMP, 0),
       (9, 19, '王十一', '110101199009099012', '北京市大兴区', '王十一养殖场', '北京市大兴区农场路9号', 220.1, '鸽子',
        901234567890123456, 'https://example.com/license/farmer9.jpg',
        'https://example.com/farmer/environment/farmer9-1.jpg,https://example.com/farmer/environment/farmer9-2.jpg', 0,
        '申请养殖许可证', 1, '1', '审核通过',
        CURRENT_TIMESTAMP, CURRENT_TIMESTAMP, 0),
       (10, 20, '李十二', '110101199010100123', '北京市顺义区', '李十二养殖场', '北京市顺义区农场路10号', 140.3, '鹌鹑',
        123456789012345678, 'https://example.com/license/farmer10.jpg',
        'https://example.com/farmer/environment/farmer10-1.jpg,https://example.com/farmer/environment/farmer10-2.jpg', 0,
        '申请养殖许可证', 1, '1', '审核通过',
        CURRENT_TIMESTAMP, CURRENT_TIMESTAMP, 0);

-- 店铺表数据
INSERT INTO t_shops (id, farmer_id, shop_name, shop_avatar, shop_banner, description, announcement, status, create_time,
                     update_time, del_flag)
VALUES (1, 11, '张三农家店', 'https://example.com/shop/avatar/shop1.jpg', 'https://example.com/shop/banner/shop1.jpg',
        '专业养殖各种家畜，品质保证', '欢迎光临，全场满100减20', 1, CURRENT_TIMESTAMP, CURRENT_TIMESTAMP, 0),
       (2, 12, '李四农家店', 'https://example.com/shop/avatar/shop2.jpg', 'https://example.com/shop/banner/shop2.jpg',
        '绿色养殖，健康食品', '新店开业，全场8折', 1, CURRENT_TIMESTAMP, CURRENT_TIMESTAMP, 0),
       (3, 13, '王五农家店', 'https://example.com/shop/avatar/shop3.jpg', 'https://example.com/shop/banner/shop3.jpg',
        '原生态养殖，口感鲜美', '满200减50，多买多送', 1, CURRENT_TIMESTAMP, CURRENT_TIMESTAMP, 0),
       (4, 14, '赵六农家店', 'https://example.com/shop/avatar/shop4.jpg', 'https://example.com/shop/banner/shop4.jpg',
        '散养土鸡，营养丰富', '限时优惠，买一送一', 1, CURRENT_TIMESTAMP, CURRENT_TIMESTAMP, 0),
       (5, 15, '孙七农家店', 'https://example.com/shop/avatar/shop5.jpg', 'https://example.com/shop/banner/shop5.jpg',
        '水鸭养殖，肉质鲜嫩', '全场满150减30', 1, CURRENT_TIMESTAMP, CURRENT_TIMESTAMP, 0),
       (6, 16, '周八农家店', 'https://example.com/shop/avatar/shop6.jpg', 'https://example.com/shop/banner/shop6.jpg',
        '生态养鹅，绿色健康', '新用户立减20', 1, CURRENT_TIMESTAMP, CURRENT_TIMESTAMP, 0),
       (7, 17, '吴九农家店', 'https://example.com/shop/avatar/shop7.jpg', 'https://example.com/shop/banner/shop7.jpg',
        '淡水养鱼，新鲜直达', '满300减80', 1, CURRENT_TIMESTAMP, CURRENT_TIMESTAMP, 0),
       (8, 18, '郑十农家店', 'https://example.com/shop/avatar/shop8.jpg', 'https://example.com/shop/banner/shop8.jpg',
        '兔肉养殖，高蛋白低脂肪', '全场满120减25', 1, CURRENT_TIMESTAMP, CURRENT_TIMESTAMP, 0),
       (9, 19, '王十一农家店', 'https://example.com/shop/avatar/shop9.jpg', 'https://example.com/shop/banner/shop9.jpg',
        '肉鸽养殖，营养滋补', '满200减40', 1, CURRENT_TIMESTAMP, CURRENT_TIMESTAMP, 0),
       (10, 20, '李十二农家店', 'https://example.com/shop/avatar/shop10.jpg',
        'https://example.com/shop/banner/shop10.jpg', '鹌鹑养殖，肉质细腻', '满100减15', 1, CURRENT_TIMESTAMP,
        CURRENT_TIMESTAMP, 0);

-- 收货地址表数据
INSERT INTO t_receive_address (id, user_id, receiver_name, receiver_phone, province_name, city_name, district_name,
                               detail_address, is_default, remark, create_time, update_time, del_flag)
VALUES (1, 1, '管理员', '13800138001', '北京市', '北京市', '朝阳区', '朝阳区建国路88号', 1, '公司地址',
        CURRENT_TIMESTAMP, CURRENT_TIMESTAMP, 0),
       (2, 2, '用户1', '13800138002', '北京市', '北京市', '海淀区', '海淀区中关村大街1号', 1, '家', CURRENT_TIMESTAMP,
        CURRENT_TIMESTAMP, 0),
       (3, 2, '用户1', '13800138002', '上海市', '上海市', '浦东新区', '浦东新区世纪大道1号', 0, '公司',
        CURRENT_TIMESTAMP, CURRENT_TIMESTAMP, 0),
       (4, 3, '用户2', '13800138003', '广州市', '广州市', '天河区', '天河区天河路385号', 1, '家', CURRENT_TIMESTAMP,
        CURRENT_TIMESTAMP, 0),
       (5, 4, '用户3', '13800138004', '深圳市', '深圳市', '南山区', '南山区科技园', 1, '公司', CURRENT_TIMESTAMP,
        CURRENT_TIMESTAMP, 0),
       (6, 5, '用户4', '13800138005', '杭州市', '杭州市', '西湖区', '西湖区西湖大道1号', 1, '家', CURRENT_TIMESTAMP,
        CURRENT_TIMESTAMP, 0),
       (7, 6, '用户5', '13800138006', '成都市', '成都市', '锦江区', '锦江区红星路三段', 1, '家', CURRENT_TIMESTAMP,
        CURRENT_TIMESTAMP, 0),
       (8, 7, '用户6', '13800138007', '武汉市', '武汉市', '武昌区', '武昌区中南路', 1, '公司', CURRENT_TIMESTAMP,
        CURRENT_TIMESTAMP, 0),
       (9, 8, '用户7', '13800138008', '西安市', '西安市', '雁塔区', '雁塔区大雁塔南广场', 1, '家', CURRENT_TIMESTAMP,
        CURRENT_TIMESTAMP, 0),
       (10, 9, '用户8', '13800138009', '重庆市', '重庆市', '渝中区', '渝中区解放碑', 1, '公司', CURRENT_TIMESTAMP,
        CURRENT_TIMESTAMP, 0),
       (11, 10, '用户9', '13800138010', '南京市', '南京市', '玄武区', '玄武区玄武湖公园', 1, '家', CURRENT_TIMESTAMP,
        CURRENT_TIMESTAMP, 0),
       (12, 11, '张三', '13800138011', '北京市', '北京市', '朝阳区', '朝阳区农场路1号', 1, '养殖场地址',
        CURRENT_TIMESTAMP, CURRENT_TIMESTAMP, 0),
       (13, 12, '李四', '13800138012', '北京市', '北京市', '海淀区', '海淀区农场路2号', 1, '养殖场地址',
        CURRENT_TIMESTAMP, CURRENT_TIMESTAMP, 0),
       (14, 13, '王五', '13800138013', '北京市', '北京市', '丰台区', '丰台区农场路3号', 1, '养殖场地址',
        CURRENT_TIMESTAMP, CURRENT_TIMESTAMP, 0),
       (15, 14, '赵六', '13800138014', '北京市', '北京市', '西城区', '西城区农场路4号', 1, '养殖场地址',
        CURRENT_TIMESTAMP, CURRENT_TIMESTAMP, 0),
       (16, 15, '孙七', '13800138015', '北京市', '北京市', '东城区', '东城区农场路5号', 1, '养殖场地址',
        CURRENT_TIMESTAMP, CURRENT_TIMESTAMP, 0);
-- 分类初始化数据
INSERT INTO t_category (id, name, parent_id, sort_order, create_time, update_time, del_flag)
VALUES (1, '助农蔬果', NULL, 10, CURRENT_TIMESTAMP, CURRENT_TIMESTAMP, 0),
       (2, '生态肉禽蛋', NULL, 20, CURRENT_TIMESTAMP, CURRENT_TIMESTAMP, 0),
       (3, '粮油杂粮', NULL, 30, CURRENT_TIMESTAMP, CURRENT_TIMESTAMP, 0),
       (4, '淡水水产', NULL, 40, CURRENT_TIMESTAMP, CURRENT_TIMESTAMP, 0),
       (5, '农家蛋奶', NULL, 50, CURRENT_TIMESTAMP, CURRENT_TIMESTAMP, 0),
       (6, '乡味调料', NULL, 60, CURRENT_TIMESTAMP, CURRENT_TIMESTAMP, 0),
       (7, '合作社茶饮', NULL, 70, CURRENT_TIMESTAMP, CURRENT_TIMESTAMP, 0),
       (11, '叶菜直采', 1, 10, CURRENT_TIMESTAMP, CURRENT_TIMESTAMP, 0),
       (12, '根茎瓜菜', 1, 20, CURRENT_TIMESTAMP, CURRENT_TIMESTAMP, 0),
       (13, '时令水果', 1, 30, CURRENT_TIMESTAMP, CURRENT_TIMESTAMP, 0),
       (14, '山野菌菇', 1, 40, CURRENT_TIMESTAMP, CURRENT_TIMESTAMP, 0),
       (15, '豆角豆制品', 1, 50, CURRENT_TIMESTAMP, CURRENT_TIMESTAMP, 0),
       (21, '土猪牛羊', 2, 10, CURRENT_TIMESTAMP, CURRENT_TIMESTAMP, 0),
       (22, '散养禽类', 2, 20, CURRENT_TIMESTAMP, CURRENT_TIMESTAMP, 0),
       (23, '农家鲜蛋', 2, 30, CURRENT_TIMESTAMP, CURRENT_TIMESTAMP, 0),
       (24, '冷鲜分割肉', 2, 40, CURRENT_TIMESTAMP, CURRENT_TIMESTAMP, 0),
       (25, '腊味深加工', 2, 50, CURRENT_TIMESTAMP, CURRENT_TIMESTAMP, 0),
       (31, '当季大米', 3, 10, CURRENT_TIMESTAMP, CURRENT_TIMESTAMP, 0),
       (32, '面粉面条原料', 3, 20, CURRENT_TIMESTAMP, CURRENT_TIMESTAMP, 0),
       (33, '菜籽花生油', 3, 30, CURRENT_TIMESTAMP, CURRENT_TIMESTAMP, 0),
       (34, '杂粮豆类', 3, 40, CURRENT_TIMESTAMP, CURRENT_TIMESTAMP, 0),
       (35, '山货干货', 3, 50, CURRENT_TIMESTAMP, CURRENT_TIMESTAMP, 0),
       (41, '淡水鲜鱼', 4, 10, CURRENT_TIMESTAMP, CURRENT_TIMESTAMP, 0),
       (42, '虾蟹贝类', 4, 20, CURRENT_TIMESTAMP, CURRENT_TIMESTAMP, 0),
       (43, '冻鲜水产', 4, 30, CURRENT_TIMESTAMP, CURRENT_TIMESTAMP, 0),
       (51, '鲜奶酸奶', 5, 10, CURRENT_TIMESTAMP, CURRENT_TIMESTAMP, 0),
       (52, '牧场奶制品', 5, 20, CURRENT_TIMESTAMP, CURRENT_TIMESTAMP, 0),
       (53, '农家烘焙', 5, 30, CURRENT_TIMESTAMP, CURRENT_TIMESTAMP, 0),
       (61, '酱醋酱料', 6, 10, CURRENT_TIMESTAMP, CURRENT_TIMESTAMP, 0),
       (62, '香辛干调', 6, 20, CURRENT_TIMESTAMP, CURRENT_TIMESTAMP, 0),
       (63, '助农速食', 6, 30, CURRENT_TIMESTAMP, CURRENT_TIMESTAMP, 0),
       (71, '绿茶', 7, 10, CURRENT_TIMESTAMP, CURRENT_TIMESTAMP, 0),
       (72, '红茶', 7, 20, CURRENT_TIMESTAMP, CURRENT_TIMESTAMP, 0),
       (73, '花草茶', 7, 30, CURRENT_TIMESTAMP, CURRENT_TIMESTAMP, 0);

-- 属性初始化数据（attr_type: 0-基础属性, 1-销售属性）
INSERT INTO t_attribute (id, category_id, name, attr_type, sort, create_time, update_time, del_flag)
VALUES (1, 11, '帮扶产地', 0, 10, CURRENT_TIMESTAMP, CURRENT_TIMESTAMP, 0),
       (2, 11, '采收日期', 0, 20, CURRENT_TIMESTAMP, CURRENT_TIMESTAMP, 0),
       (3, 11, '种植方式', 0, 30, CURRENT_TIMESTAMP, CURRENT_TIMESTAMP, 0),
       (4, 11, '包装规格', 1, 10, CURRENT_TIMESTAMP, CURRENT_TIMESTAMP, 0),
       (5, 11, '重量规格', 1, 20, CURRENT_TIMESTAMP, CURRENT_TIMESTAMP, 0),
       (6, 12, '帮扶产地', 0, 10, CURRENT_TIMESTAMP, CURRENT_TIMESTAMP, 0),
       (7, 12, '种植方式', 0, 20, CURRENT_TIMESTAMP, CURRENT_TIMESTAMP, 0),
       (8, 12, '农残检测', 0, 30, CURRENT_TIMESTAMP, CURRENT_TIMESTAMP, 0),
       (9, 12, '包装规格', 1, 10, CURRENT_TIMESTAMP, CURRENT_TIMESTAMP, 0),
       (10, 12, '重量规格', 1, 20, CURRENT_TIMESTAMP, CURRENT_TIMESTAMP, 0),
       (11, 13, '帮扶产地', 0, 10, CURRENT_TIMESTAMP, CURRENT_TIMESTAMP, 0),
       (12, 13, '甜度等级', 0, 20, CURRENT_TIMESTAMP, CURRENT_TIMESTAMP, 0),
       (13, 13, '采摘批次', 0, 30, CURRENT_TIMESTAMP, CURRENT_TIMESTAMP, 0),
       (14, 13, '包装规格', 1, 10, CURRENT_TIMESTAMP, CURRENT_TIMESTAMP, 0),
       (15, 13, '重量规格', 1, 20, CURRENT_TIMESTAMP, CURRENT_TIMESTAMP, 0),
       (16, 21, '养殖品种', 0, 10, CURRENT_TIMESTAMP, CURRENT_TIMESTAMP, 0),
       (17, 21, '饲养周期(天)', 0, 20, CURRENT_TIMESTAMP, CURRENT_TIMESTAMP, 0),
       (18, 21, '分割部位', 1, 10, CURRENT_TIMESTAMP, CURRENT_TIMESTAMP, 0),
       (19, 21, '重量规格', 1, 20, CURRENT_TIMESTAMP, CURRENT_TIMESTAMP, 0),
       (20, 22, '养殖品种', 0, 10, CURRENT_TIMESTAMP, CURRENT_TIMESTAMP, 0),
       (21, 22, '检疫日期', 0, 20, CURRENT_TIMESTAMP, CURRENT_TIMESTAMP, 0),
       (22, 22, '分割部位', 1, 10, CURRENT_TIMESTAMP, CURRENT_TIMESTAMP, 0),
       (23, 22, '重量规格', 1, 20, CURRENT_TIMESTAMP, CURRENT_TIMESTAMP, 0),
       (24, 23, '蛋重等级', 0, 10, CURRENT_TIMESTAMP, CURRENT_TIMESTAMP, 0),
       (25, 23, '饲养方式', 0, 20, CURRENT_TIMESTAMP, CURRENT_TIMESTAMP, 0),
       (26, 23, '包装规格', 1, 10, CURRENT_TIMESTAMP, CURRENT_TIMESTAMP, 0),
       (27, 23, '数量规格', 1, 20, CURRENT_TIMESTAMP, CURRENT_TIMESTAMP, 0),
       (28, 31, '稻米品种', 0, 10, CURRENT_TIMESTAMP, CURRENT_TIMESTAMP, 0),
       (29, 31, '新米年份', 0, 20, CURRENT_TIMESTAMP, CURRENT_TIMESTAMP, 0),
       (30, 31, '加工等级', 0, 30, CURRENT_TIMESTAMP, CURRENT_TIMESTAMP, 0),
       (31, 31, '包装规格', 1, 10, CURRENT_TIMESTAMP, CURRENT_TIMESTAMP, 0),
       (32, 31, '重量规格', 1, 20, CURRENT_TIMESTAMP, CURRENT_TIMESTAMP, 0),
       (33, 32, '蛋白质含量', 0, 10, CURRENT_TIMESTAMP, CURRENT_TIMESTAMP, 0),
       (34, 32, '筋度类型', 0, 20, CURRENT_TIMESTAMP, CURRENT_TIMESTAMP, 0),
       (35, 32, '原粮产地', 0, 30, CURRENT_TIMESTAMP, CURRENT_TIMESTAMP, 0),
       (36, 32, '包装规格', 1, 10, CURRENT_TIMESTAMP, CURRENT_TIMESTAMP, 0),
       (37, 32, '重量规格', 1, 20, CURRENT_TIMESTAMP, CURRENT_TIMESTAMP, 0),
       (38, 33, '原料作物', 0, 10, CURRENT_TIMESTAMP, CURRENT_TIMESTAMP, 0),
       (39, 33, '压榨工艺', 0, 20, CURRENT_TIMESTAMP, CURRENT_TIMESTAMP, 0),
       (40, 33, '等级', 0, 30, CURRENT_TIMESTAMP, CURRENT_TIMESTAMP, 0),
       (41, 33, '瓶型规格', 1, 10, CURRENT_TIMESTAMP, CURRENT_TIMESTAMP, 0),
       (42, 33, '容量规格', 1, 20, CURRENT_TIMESTAMP, CURRENT_TIMESTAMP, 0),
       (43, 14, '帮扶产地', 0, 10, CURRENT_TIMESTAMP, CURRENT_TIMESTAMP, 0),
       (44, 14, '菌菇品种', 0, 20, CURRENT_TIMESTAMP, CURRENT_TIMESTAMP, 0),
       (45, 14, '包装规格', 1, 10, CURRENT_TIMESTAMP, CURRENT_TIMESTAMP, 0),
       (46, 15, '帮扶产地', 0, 10, CURRENT_TIMESTAMP, CURRENT_TIMESTAMP, 0),
       (47, 15, '豆类品种', 0, 20, CURRENT_TIMESTAMP, CURRENT_TIMESTAMP, 0),
       (48, 15, '重量规格', 1, 10, CURRENT_TIMESTAMP, CURRENT_TIMESTAMP, 0),
       (49, 24, '肉类品种', 0, 10, CURRENT_TIMESTAMP, CURRENT_TIMESTAMP, 0),
       (50, 24, '饲养方式', 0, 20, CURRENT_TIMESTAMP, CURRENT_TIMESTAMP, 0),
       (51, 24, '分割部位', 1, 10, CURRENT_TIMESTAMP, CURRENT_TIMESTAMP, 0),
       (52, 25, '产品类型', 0, 10, CURRENT_TIMESTAMP, CURRENT_TIMESTAMP, 0),
       (53, 25, '储存方式', 0, 20, CURRENT_TIMESTAMP, CURRENT_TIMESTAMP, 0),
       (54, 25, '包装规格', 1, 10, CURRENT_TIMESTAMP, CURRENT_TIMESTAMP, 0),
       (55, 34, '杂粮品种', 0, 10, CURRENT_TIMESTAMP, CURRENT_TIMESTAMP, 0),
       (56, 34, '帮扶产地', 0, 20, CURRENT_TIMESTAMP, CURRENT_TIMESTAMP, 0),
       (57, 34, '重量规格', 1, 10, CURRENT_TIMESTAMP, CURRENT_TIMESTAMP, 0),
       (58, 35, '山货原料', 0, 10, CURRENT_TIMESTAMP, CURRENT_TIMESTAMP, 0),
       (59, 35, '干制工艺', 0, 20, CURRENT_TIMESTAMP, CURRENT_TIMESTAMP, 0),
       (60, 35, '包装规格', 1, 10, CURRENT_TIMESTAMP, CURRENT_TIMESTAMP, 0),
       (61, 41, '养殖/捕捞地', 0, 10, CURRENT_TIMESTAMP, CURRENT_TIMESTAMP, 0),
       (62, 41, '养殖方式', 0, 20, CURRENT_TIMESTAMP, CURRENT_TIMESTAMP, 0),
       (63, 41, '重量规格', 1, 10, CURRENT_TIMESTAMP, CURRENT_TIMESTAMP, 0),
       (64, 42, '养殖/捕捞地', 0, 10, CURRENT_TIMESTAMP, CURRENT_TIMESTAMP, 0),
       (65, 42, '鲜活等级', 0, 20, CURRENT_TIMESTAMP, CURRENT_TIMESTAMP, 0),
       (66, 42, '重量规格', 1, 10, CURRENT_TIMESTAMP, CURRENT_TIMESTAMP, 0),
       (67, 43, '品类', 0, 10, CURRENT_TIMESTAMP, CURRENT_TIMESTAMP, 0),
       (68, 43, '冷冻方式', 0, 20, CURRENT_TIMESTAMP, CURRENT_TIMESTAMP, 0),
       (69, 43, '数量规格', 1, 10, CURRENT_TIMESTAMP, CURRENT_TIMESTAMP, 0),
       (70, 51, '奶源产地', 0, 10, CURRENT_TIMESTAMP, CURRENT_TIMESTAMP, 0),
       (71, 51, '脂肪含量', 0, 20, CURRENT_TIMESTAMP, CURRENT_TIMESTAMP, 0),
       (72, 51, '容量规格', 1, 10, CURRENT_TIMESTAMP, CURRENT_TIMESTAMP, 0),
       (73, 52, '奶制品类型', 0, 10, CURRENT_TIMESTAMP, CURRENT_TIMESTAMP, 0),
       (74, 52, '成熟时长', 0, 20, CURRENT_TIMESTAMP, CURRENT_TIMESTAMP, 0),
       (75, 52, '净含量', 1, 10, CURRENT_TIMESTAMP, CURRENT_TIMESTAMP, 0),
       (76, 53, '烘焙类型', 0, 10, CURRENT_TIMESTAMP, CURRENT_TIMESTAMP, 0),
       (77, 53, '口味', 0, 20, CURRENT_TIMESTAMP, CURRENT_TIMESTAMP, 0),
       (78, 53, '净含量', 1, 10, CURRENT_TIMESTAMP, CURRENT_TIMESTAMP, 0),
       (79, 61, '主要原料', 0, 10, CURRENT_TIMESTAMP, CURRENT_TIMESTAMP, 0),
       (80, 61, '酿造工艺', 0, 20, CURRENT_TIMESTAMP, CURRENT_TIMESTAMP, 0),
       (81, 61, '容量规格', 1, 10, CURRENT_TIMESTAMP, CURRENT_TIMESTAMP, 0),
       (82, 62, '香辛料类型', 0, 10, CURRENT_TIMESTAMP, CURRENT_TIMESTAMP, 0),
       (83, 62, '辣度等级', 0, 20, CURRENT_TIMESTAMP, CURRENT_TIMESTAMP, 0),
       (84, 62, '包装规格', 1, 10, CURRENT_TIMESTAMP, CURRENT_TIMESTAMP, 0),
       (85, 63, '品类', 0, 10, CURRENT_TIMESTAMP, CURRENT_TIMESTAMP, 0),
       (86, 63, '食用方式', 0, 20, CURRENT_TIMESTAMP, CURRENT_TIMESTAMP, 0),
       (87, 63, '净含量', 1, 10, CURRENT_TIMESTAMP, CURRENT_TIMESTAMP, 0),
       (88, 71, '帮扶产地', 0, 10, CURRENT_TIMESTAMP, CURRENT_TIMESTAMP, 0),
       (89, 71, '采摘季节', 0, 20, CURRENT_TIMESTAMP, CURRENT_TIMESTAMP, 0),
       (90, 71, '包装规格', 1, 10, CURRENT_TIMESTAMP, CURRENT_TIMESTAMP, 0),
       (91, 72, '帮扶产地', 0, 10, CURRENT_TIMESTAMP, CURRENT_TIMESTAMP, 0),
       (92, 72, '发酵程度', 0, 20, CURRENT_TIMESTAMP, CURRENT_TIMESTAMP, 0),
       (93, 72, '包装规格', 1, 10, CURRENT_TIMESTAMP, CURRENT_TIMESTAMP, 0),
       (94, 73, '花草配比', 0, 10, CURRENT_TIMESTAMP, CURRENT_TIMESTAMP, 0),
       (95, 73, '香型', 0, 20, CURRENT_TIMESTAMP, CURRENT_TIMESTAMP, 0),
       (96, 73, '包装规格', 1, 10, CURRENT_TIMESTAMP, CURRENT_TIMESTAMP, 0);

-- 农产品 SPU 初始化数据
INSERT INTO t_spu (id, shop_id, title, category_id, images, audit_status, status, create_time, update_time, del_flag)
VALUES (1001, 1, '高山红富士苹果礼盒',
        13, 'https://images.pexels.com/photos/8877373/pexels-photo-8877373.jpeg?cs=srgb&dl=pexels-nc-farm-bureau-mark-8877373.jpg&fm=jpg',
        1, 1, CURRENT_TIMESTAMP, CURRENT_TIMESTAMP, 0),
       (1002, 1, '青苹果脆甜装',
        13, 'https://images.pexels.com/photos/18661860/pexels-photo-18661860.jpeg',
        1, 1, CURRENT_TIMESTAMP, CURRENT_TIMESTAMP, 0),
       (1003, 2, '有机油麦菜',
        11, 'https://images.pexels.com/photos/2095569/pexels-photo-2095569.jpeg?cs=srgb&dl=pexels-stella-schafer-68153-2095569.jpg&fm=jpg',
        1, 1, CURRENT_TIMESTAMP, CURRENT_TIMESTAMP, 0),
       (1004, 2, '清香菠菜',
        11, 'https://images.pexels.com/photos/2095569/pexels-photo-2095569.jpeg?cs=srgb&dl=pexels-stella-schafer-68153-2095569.jpg&fm=jpg',
        1, 1, CURRENT_TIMESTAMP, CURRENT_TIMESTAMP, 0),
       (1005, 3, '沙地胡萝卜',
        12, 'https://images.pexels.com/photos/13428186/pexels-photo-13428186.jpeg?cs=srgb&dl=pexels-mateusz-feliksik-1896604-13428186.jpg&fm=jpg',
        1, 1, CURRENT_TIMESTAMP, CURRENT_TIMESTAMP, 0),
       (1006, 3, '甜脆胡萝卜礼袋',
        12, 'https://images.pexels.com/photos/13428186/pexels-photo-13428186.jpeg?cs=srgb&dl=pexels-mateusz-feliksik-1896604-13428186.jpg&fm=jpg',
        1, 1, CURRENT_TIMESTAMP, CURRENT_TIMESTAMP, 0),
       (1007, 4, '林下鸡油菌',
        14, 'https://images.pexels.com/photos/3466359/pexels-photo-3466359.jpeg',
        1, 1, CURRENT_TIMESTAMP, CURRENT_TIMESTAMP, 0),
       (1008, 4, '山野鲜香菇',
        14, 'https://images.pexels.com/photos/3466359/pexels-photo-3466359.jpeg',
        1, 1, CURRENT_TIMESTAMP, CURRENT_TIMESTAMP, 0),
       (1009, 5, '散养鲜鸡蛋',
        23, 'https://images.pexels.com/photos/4110234/pexels-photo-4110234.jpeg?cs=srgb&dl=pexels-polina-tankilevitch-4110234.jpg&fm=jpg',
        1, 1, CURRENT_TIMESTAMP, CURRENT_TIMESTAMP, 0),
       (1010, 5, '五常香米',
        31, 'https://images.pexels.com/photos/17563535/pexels-photo-17563535.jpeg?cs=srgb&dl=pexels-jbigallery-17563535.jpg&fm=jpg',
        1, 1, CURRENT_TIMESTAMP, CURRENT_TIMESTAMP, 0),
       (1011, 6, '石磨小麦粉',
        32, 'https://images.pexels.com/photos/10994432/pexels-photo-10994432.jpeg?cs=srgb&dl=pexels-dreamcatchlight-10994432.jpg&fm=jpg',
        1, 1, CURRENT_TIMESTAMP, CURRENT_TIMESTAMP, 0),
       (1012, 6, '高山绿茶',
        71, 'https://images.pexels.com/photos/6226043/pexels-photo-6226043.jpeg?cs=srgb&dl=pexels-eva-bronzini-6226043.jpg&fm=jpg',
        1, 1, CURRENT_TIMESTAMP, CURRENT_TIMESTAMP, 0),
       (1013, 7, '牧场鲜牛奶',
        51, 'https://images.pexels.com/photos/10994349/pexels-photo-10994349.jpeg?cs=srgb&dl=pexels-dreamcatchlight-10994349.jpg&fm=jpg',
        1, 1, CURRENT_TIMESTAMP, CURRENT_TIMESTAMP, 0),
       (1014, 7, '原味低温酸奶',
        51, 'https://images.pexels.com/photos/8892364/pexels-photo-8892364.jpeg?cs=srgb&dl=pexels-bestasya-8892364.jpg&fm=jpg',
        1, 1, CURRENT_TIMESTAMP, CURRENT_TIMESTAMP, 0),
       (1015, 8, '生态鲫鱼',
        41, 'https://images.pexels.com/photos/10112467/pexels-photo-10112467.jpeg',
        1, 1, CURRENT_TIMESTAMP, CURRENT_TIMESTAMP, 0),
       (1016, 8, '鲜活大青虾',
        42, 'https://images.pexels.com/photos/33211047/pexels-photo-33211047.jpeg?cs=srgb&dl=pexels-manojmk-brucelee-743756295-33211047.jpg&fm=jpg',
        1, 1, CURRENT_TIMESTAMP, CURRENT_TIMESTAMP, 0),
       (1017, 9, '冷榨菜籽油',
        33, 'https://images.pexels.com/photos/9814625/pexels-photo-9814625.jpeg?cs=srgb&dl=pexels-carlos-lopez-117694035-9814625.jpg&fm=jpg',
        1, 1, CURRENT_TIMESTAMP, CURRENT_TIMESTAMP, 0),
       (1018, 9, '黄豆杂粮拼袋',
        34, 'https://images.pexels.com/photos/13428183/pexels-photo-13428183.jpeg',
        1, 1, CURRENT_TIMESTAMP, CURRENT_TIMESTAMP, 0),
       (1019, 10, '生态黑猪后腿肉',
        21, 'https://images.pexels.com/photos/8408387/pexels-photo-8408387.jpeg?cs=srgb&dl=pexels-los-muertos-crew-8408387.jpg&fm=jpg',
        1, 1, CURRENT_TIMESTAMP, CURRENT_TIMESTAMP, 0),
       (1020, 10, '散养土鸡切块',
        22, 'https://images.pexels.com/photos/25884472/pexels-photo-25884472.jpeg',
        1, 1, CURRENT_TIMESTAMP, CURRENT_TIMESTAMP, 0);

-- 农产品 SPU 属性初始化数据
INSERT INTO t_spu_attr_value (spu_id, attr_id, attr_value)
VALUES (1001, 11, '甘肃静宁'),
       (1001, 12, '13度以上'),
       (1001, 13, '2026春季头茬'),
       (1002, 11, '陕西洛川'),
       (1002, 12, '11度'),
       (1002, 13, '2026早春批次'),
       (1003, 1, '河北张家口'),
       (1003, 2, '2026-04-05'),
       (1003, 3, '露天有机种植'),
       (1004, 1, '山东寿光'),
       (1004, 2, '2026-04-06'),
       (1004, 3, '冷棚种植'),
       (1005, 6, '内蒙古武川'),
       (1005, 7, '沙地种植'),
       (1005, 8, '批次检测合格'),
       (1006, 6, '甘肃民勤'),
       (1006, 7, '节水滴灌'),
       (1006, 8, '抽检合格'),
       (1007, 43, '云南丽江'),
       (1007, 44, '鸡油菌'),
       (1008, 43, '湖北恩施'),
       (1008, 44, '花菇'),
       (1009, 24, '50g-55g'),
       (1009, 25, '林地散养'),
       (1010, 28, '稻花香2号'),
       (1010, 29, '2025新米'),
       (1010, 30, '一级精选'),
       (1011, 33, '11.8%'),
       (1011, 34, '高筋'),
       (1011, 35, '河南周口'),
       (1012, 88, '贵州都匀'),
       (1012, 89, '明前'),
       (1013, 70, '内蒙古呼伦贝尔'),
       (1013, 71, '全脂3.6%'),
       (1014, 70, '河北坝上'),
       (1014, 71, '2.8%脂肪'),
       (1015, 61, '湖北洪湖'),
       (1015, 62, '池塘活水养殖'),
       (1016, 64, '江苏高邮'),
       (1016, 65, '一级鲜活'),
       (1017, 38, '非转基因油菜籽'),
       (1017, 39, '低温冷榨'),
       (1017, 40, '一级'),
       (1018, 55, '黄豆+红豆+绿豆'),
       (1018, 56, '黑龙江嫩江'),
       (1019, 16, '黑猪'),
       (1019, 17, '240'),
       (1020, 20, '麻黄鸡'),
       (1020, 21, '2026-04-07');

-- 农产品 SKU 初始化数据
INSERT INTO t_sku (id, spu_id, sku_image, price, lock_stock, stock, status, create_time, update_time, del_flag)
VALUES (2001, 1001,
        'https://images.pexels.com/photos/8877373/pexels-photo-8877373.jpeg?cs=srgb&dl=pexels-nc-farm-bureau-mark-8877373.jpg&fm=jpg',
        59.90, 0, 120, 1, CURRENT_TIMESTAMP, CURRENT_TIMESTAMP, 0),
       (2002, 1001,
        'https://images.pexels.com/photos/8877373/pexels-photo-8877373.jpeg?cs=srgb&dl=pexels-nc-farm-bureau-mark-8877373.jpg&fm=jpg',
        109.00, 0, 80, 1, CURRENT_TIMESTAMP, CURRENT_TIMESTAMP, 0),
       (2003, 1002, 'https://images.pexels.com/photos/18661860/pexels-photo-18661860.jpeg',
        29.90, 0, 140, 1, CURRENT_TIMESTAMP, CURRENT_TIMESTAMP, 0),
       (2004, 1002, 'https://images.pexels.com/photos/18661860/pexels-photo-18661860.jpeg',
        49.90, 0, 100, 1, CURRENT_TIMESTAMP, CURRENT_TIMESTAMP, 0),
       (2005, 1003,
        'https://images.pexels.com/photos/2095569/pexels-photo-2095569.jpeg?cs=srgb&dl=pexels-stella-schafer-68153-2095569.jpg&fm=jpg',
        12.80, 0, 200, 1, CURRENT_TIMESTAMP, CURRENT_TIMESTAMP, 0),
       (2006, 1003,
        'https://images.pexels.com/photos/2095569/pexels-photo-2095569.jpeg?cs=srgb&dl=pexels-stella-schafer-68153-2095569.jpg&fm=jpg',
        21.80, 0, 160, 1, CURRENT_TIMESTAMP, CURRENT_TIMESTAMP, 0),
       (2007, 1004,
        'https://images.pexels.com/photos/2095569/pexels-photo-2095569.jpeg?cs=srgb&dl=pexels-stella-schafer-68153-2095569.jpg&fm=jpg',
        10.90, 0, 180, 1, CURRENT_TIMESTAMP, CURRENT_TIMESTAMP, 0),
       (2008, 1004,
        'https://images.pexels.com/photos/2095569/pexels-photo-2095569.jpeg?cs=srgb&dl=pexels-stella-schafer-68153-2095569.jpg&fm=jpg',
        19.90, 0, 150, 1, CURRENT_TIMESTAMP, CURRENT_TIMESTAMP, 0),
       (2009, 1005,
        'https://images.pexels.com/photos/13428186/pexels-photo-13428186.jpeg?cs=srgb&dl=pexels-mateusz-feliksik-1896604-13428186.jpg&fm=jpg',
        16.80, 0, 160, 1, CURRENT_TIMESTAMP, CURRENT_TIMESTAMP, 0),
       (2010, 1005,
        'https://images.pexels.com/photos/13428186/pexels-photo-13428186.jpeg?cs=srgb&dl=pexels-mateusz-feliksik-1896604-13428186.jpg&fm=jpg',
        29.80, 0, 120, 1, CURRENT_TIMESTAMP, CURRENT_TIMESTAMP, 0),
       (2011, 1006,
        'https://images.pexels.com/photos/13428186/pexels-photo-13428186.jpeg?cs=srgb&dl=pexels-mateusz-feliksik-1896604-13428186.jpg&fm=jpg',
        14.90, 0, 150, 1, CURRENT_TIMESTAMP, CURRENT_TIMESTAMP, 0),
       (2012, 1006,
        'https://images.pexels.com/photos/13428186/pexels-photo-13428186.jpeg?cs=srgb&dl=pexels-mateusz-feliksik-1896604-13428186.jpg&fm=jpg',
        26.90, 0, 110, 1, CURRENT_TIMESTAMP, CURRENT_TIMESTAMP, 0),
       (2013, 1007, 'https://images.pexels.com/photos/3466359/pexels-photo-3466359.jpeg',
        39.90, 0, 90, 1, CURRENT_TIMESTAMP, CURRENT_TIMESTAMP, 0),
       (2014, 1007, 'https://images.pexels.com/photos/3466359/pexels-photo-3466359.jpeg',
        76.00, 0, 60, 1, CURRENT_TIMESTAMP, CURRENT_TIMESTAMP, 0),
       (2015, 1008, 'https://images.pexels.com/photos/3466359/pexels-photo-3466359.jpeg',
        22.90, 0, 130, 1, CURRENT_TIMESTAMP, CURRENT_TIMESTAMP, 0),
       (2016, 1008, 'https://images.pexels.com/photos/3466359/pexels-photo-3466359.jpeg',
        39.90, 0, 95, 1, CURRENT_TIMESTAMP, CURRENT_TIMESTAMP, 0),
       (2017, 1009,
        'https://images.pexels.com/photos/4110234/pexels-photo-4110234.jpeg?cs=srgb&dl=pexels-polina-tankilevitch-4110234.jpg&fm=jpg',
        26.90, 0, 200, 1, CURRENT_TIMESTAMP, CURRENT_TIMESTAMP, 0),
       (2018, 1009,
        'https://images.pexels.com/photos/4110234/pexels-photo-4110234.jpeg?cs=srgb&dl=pexels-polina-tankilevitch-4110234.jpg&fm=jpg',
        49.90, 0, 140, 1, CURRENT_TIMESTAMP, CURRENT_TIMESTAMP, 0),
       (2019, 1010,
        'https://images.pexels.com/photos/17563535/pexels-photo-17563535.jpeg?cs=srgb&dl=pexels-jbigallery-17563535.jpg&fm=jpg',
        39.90, 0, 180, 1, CURRENT_TIMESTAMP, CURRENT_TIMESTAMP, 0),
       (2020, 1010,
        'https://images.pexels.com/photos/17563535/pexels-photo-17563535.jpeg?cs=srgb&dl=pexels-jbigallery-17563535.jpg&fm=jpg',
        72.00, 0, 130, 1, CURRENT_TIMESTAMP, CURRENT_TIMESTAMP, 0),
       (2021, 1011,
        'https://images.pexels.com/photos/10994432/pexels-photo-10994432.jpeg?cs=srgb&dl=pexels-dreamcatchlight-10994432.jpg&fm=jpg',
        18.80, 0, 160, 1, CURRENT_TIMESTAMP, CURRENT_TIMESTAMP, 0),
       (2022, 1011,
        'https://images.pexels.com/photos/10994432/pexels-photo-10994432.jpeg?cs=srgb&dl=pexels-dreamcatchlight-10994432.jpg&fm=jpg',
        42.90, 0, 120, 1, CURRENT_TIMESTAMP, CURRENT_TIMESTAMP, 0),
       (2023, 1012,
        'https://images.pexels.com/photos/6226043/pexels-photo-6226043.jpeg?cs=srgb&dl=pexels-eva-bronzini-6226043.jpg&fm=jpg',
        68.00, 0, 90, 1, CURRENT_TIMESTAMP, CURRENT_TIMESTAMP, 0),
       (2024, 1012,
        'https://images.pexels.com/photos/6226043/pexels-photo-6226043.jpeg?cs=srgb&dl=pexels-eva-bronzini-6226043.jpg&fm=jpg',
        158.00, 0, 60, 1, CURRENT_TIMESTAMP, CURRENT_TIMESTAMP, 0),
       (2025, 1013,
        'https://images.pexels.com/photos/10994349/pexels-photo-10994349.jpeg?cs=srgb&dl=pexels-dreamcatchlight-10994349.jpg&fm=jpg',
        39.90, 0, 150, 1, CURRENT_TIMESTAMP, CURRENT_TIMESTAMP, 0),
       (2026, 1013,
        'https://images.pexels.com/photos/10994349/pexels-photo-10994349.jpeg?cs=srgb&dl=pexels-dreamcatchlight-10994349.jpg&fm=jpg',
        76.00, 0, 100, 1, CURRENT_TIMESTAMP, CURRENT_TIMESTAMP, 0),
       (2027, 1014,
        'https://images.pexels.com/photos/8892364/pexels-photo-8892364.jpeg?cs=srgb&dl=pexels-bestasya-8892364.jpg&fm=jpg',
        29.90, 0, 140, 1, CURRENT_TIMESTAMP, CURRENT_TIMESTAMP, 0),
       (2028, 1014,
        'https://images.pexels.com/photos/8892364/pexels-photo-8892364.jpeg?cs=srgb&dl=pexels-bestasya-8892364.jpg&fm=jpg',
        56.00, 0, 100, 1, CURRENT_TIMESTAMP, CURRENT_TIMESTAMP, 0),
       (2029, 1015, 'https://images.pexels.com/photos/10112467/pexels-photo-10112467.jpeg',
        35.90, 0, 100, 1, CURRENT_TIMESTAMP, CURRENT_TIMESTAMP, 0),
       (2030, 1015, 'https://images.pexels.com/photos/10112467/pexels-photo-10112467.jpeg',
        52.90, 0, 80, 1, CURRENT_TIMESTAMP, CURRENT_TIMESTAMP, 0),
       (2031, 1016,
        'https://images.pexels.com/photos/33211047/pexels-photo-33211047.jpeg?cs=srgb&dl=pexels-manojmk-brucelee-743756295-33211047.jpg&fm=jpg',
        58.00, 0, 90, 1, CURRENT_TIMESTAMP, CURRENT_TIMESTAMP, 0),
       (2032, 1016,
        'https://images.pexels.com/photos/33211047/pexels-photo-33211047.jpeg?cs=srgb&dl=pexels-manojmk-brucelee-743756295-33211047.jpg&fm=jpg',
        108.00, 0, 60, 1, CURRENT_TIMESTAMP, CURRENT_TIMESTAMP, 0),
       (2033, 1017,
        'https://images.pexels.com/photos/9814625/pexels-photo-9814625.jpeg?cs=srgb&dl=pexels-carlos-lopez-117694035-9814625.jpg&fm=jpg',
        39.90, 0, 140, 1, CURRENT_TIMESTAMP, CURRENT_TIMESTAMP, 0),
       (2034, 1017,
        'https://images.pexels.com/photos/9814625/pexels-photo-9814625.jpeg?cs=srgb&dl=pexels-carlos-lopez-117694035-9814625.jpg&fm=jpg',
        86.00, 0, 100, 1, CURRENT_TIMESTAMP, CURRENT_TIMESTAMP, 0),
       (2035, 1018, 'https://images.pexels.com/photos/13428183/pexels-photo-13428183.jpeg',
        19.90, 0, 170, 1, CURRENT_TIMESTAMP, CURRENT_TIMESTAMP, 0),
       (2036, 1018, 'https://images.pexels.com/photos/13428183/pexels-photo-13428183.jpeg',
        36.00, 0, 120, 1, CURRENT_TIMESTAMP, CURRENT_TIMESTAMP, 0),
       (2037, 1019,
        'https://images.pexels.com/photos/8408387/pexels-photo-8408387.jpeg?cs=srgb&dl=pexels-los-muertos-crew-8408387.jpg&fm=jpg',
        48.00, 0, 90, 1, CURRENT_TIMESTAMP, CURRENT_TIMESTAMP, 0),
       (2038, 1019,
        'https://images.pexels.com/photos/8408387/pexels-photo-8408387.jpeg?cs=srgb&dl=pexels-los-muertos-crew-8408387.jpg&fm=jpg',
        92.00, 0, 70, 1, CURRENT_TIMESTAMP, CURRENT_TIMESTAMP, 0),
       (2039, 1020, 'https://images.pexels.com/photos/25884472/pexels-photo-25884472.jpeg',
        36.00, 0, 100, 1, CURRENT_TIMESTAMP, CURRENT_TIMESTAMP, 0),
       (2040, 1020, 'https://images.pexels.com/photos/25884472/pexels-photo-25884472.jpeg',
        58.00, 0, 80, 1, CURRENT_TIMESTAMP, CURRENT_TIMESTAMP, 0);

-- 农产品 SKU 属性初始化数据
INSERT INTO t_sku_attr_value (sku_id, attr_id, attr_value)
VALUES (2001, 14, '礼盒装'),
       (2001, 15, '4.5kg'),
       (2002, 14, '家庭装'),
       (2002, 15, '9kg'),
       (2003, 14, '简装'),
       (2003, 15, '2.5kg'),
       (2004, 14, '礼袋装'),
       (2004, 15, '5kg'),
       (2005, 4, '袋装'),
       (2005, 5, '500g'),
       (2006, 4, '箱装'),
       (2006, 5, '1kg'),
       (2007, 4, '捆扎装'),
       (2007, 5, '400g'),
       (2008, 4, '保鲜袋装'),
       (2008, 5, '800g'),
       (2009, 9, '袋装'),
       (2009, 10, '2kg'),
       (2010, 9, '礼盒装'),
       (2010, 10, '4kg'),
       (2011, 9, '家庭装'),
       (2011, 10, '1.5kg'),
       (2012, 9, '礼品箱'),
       (2012, 10, '3kg'),
       (2013, 45, '250g盒装'),
       (2014, 45, '500g礼盒'),
       (2015, 45, '500g袋装'),
       (2016, 45, '1kg装'),
       (2017, 26, '纸托装'),
       (2017, 27, '30枚'),
       (2018, 26, '礼盒装'),
       (2018, 27, '60枚'),
       (2019, 31, '真空装'),
       (2019, 32, '2.5kg'),
       (2020, 31, '编织袋装'),
       (2020, 32, '5kg'),
       (2021, 36, '牛皮纸袋'),
       (2021, 37, '2kg'),
       (2022, 36, '家庭装'),
       (2022, 37, '5kg'),
       (2023, 90, '100g罐装'),
       (2024, 90, '250g礼盒'),
       (2025, 72, '250ml*12盒'),
       (2026, 72, '250ml*24盒'),
       (2027, 72, '180g*6杯'),
       (2028, 72, '180g*12杯'),
       (2029, 63, '750g左右/条'),
       (2030, 63, '1.2kg左右/条'),
       (2031, 66, '500g装'),
       (2032, 66, '1kg装'),
       (2033, 41, '玻璃瓶'),
       (2033, 42, '1L'),
       (2034, 41, '礼盒装'),
       (2034, 42, '2.5L'),
       (2035, 57, '1kg组合装'),
       (2036, 57, '2kg家庭装'),
       (2037, 18, '后腿切块'),
       (2037, 19, '1kg'),
       (2038, 18, '精修后腿'),
       (2038, 19, '2kg'),
       (2039, 22, '整鸡切块'),
       (2039, 23, '1kg'),
       (2040, 22, '半只装'),
       (2040, 23, '1.6kg');

-- 认养项目初始化数据
INSERT INTO t_adopt_item (id, shop_id, title, animal_category, adopt_days, price, expected_yield, description, cover_image,
                          total_count, lock_count, available_count, audit_status, status, create_time, update_time,
                          del_flag)
VALUES (3001, 1, '生态黑猪整猪认养', 'pig', 180, 1688.00, '预计净肉110kg',
        '散养黑猪，支持生长日志、视频巡栏，认养到期后可预约屠宰分割配送。',
        'https://images.pexels.com/photos/8259470/pexels-photo-8259470.jpeg?cs=srgb&dl=pexels-julissa-helmuth-2849380-8259470.jpg&fm=jpg',
        20, 0, 20, 1, 1, CURRENT_TIMESTAMP, CURRENT_TIMESTAMP, 0),
       (3002, 1, '草饲黄牛认养', 'cattle', 360, 6880.00, '预计出肉280kg',
        '以草饲加谷饲补饲方式育肥，提供阶段体重记录，到期支持冷链配送。',
        'https://images.pexels.com/photos/1805164/pexels-photo-1805164.jpeg?cs=srgb&dl=pexels-pixabay-1805164.jpg&fm=jpg',
        8, 0, 8, 1, 1, CURRENT_TIMESTAMP, CURRENT_TIMESTAMP, 0),
       (3003, 2, '山地绵羊认养', 'sheep', 210, 1980.00, '预计净肉28kg',
        '山地放养绵羊，按周更新喂养记录，认养结束后可选择整只或分割发货。',
        'https://images.pexels.com/photos/4164370/pexels-photo-4164370.jpeg?cs=srgb&dl=pexels-fotios-photos-4164370.jpg&fm=jpg',
        12, 0, 12, 1, 1, CURRENT_TIMESTAMP, CURRENT_TIMESTAMP, 0),
       (3004, 2, '伊拉兔认养', 'rabbit', 120, 268.00, '成兔净重约2.2kg',
        '兔舍恒温饲养，提供日常照片和饲喂记录，到期支持宰后冷鲜发货。',
        'https://images.pexels.com/photos/27075808/pexels-photo-27075808.jpeg?cs=srgb&dl=pexels-efrem-efre-2786187-27075808.jpg&fm=jpg',
        50, 0, 50, 1, 1, CURRENT_TIMESTAMP, CURRENT_TIMESTAMP, 0),
       (3005, 3, '稻田麻鸭认养', 'duck', 150, 328.00, '成鸭净重约2.5kg',
        '稻田散养麻鸭，提供巡塘记录，认养期满支持整只发货。',
        'https://images.pexels.com/photos/31481093/pexels-photo-31481093.jpeg?cs=srgb&dl=pexels-vika-31481093.jpg&fm=jpg',
        40, 0, 40, 1, 1, CURRENT_TIMESTAMP, CURRENT_TIMESTAMP, 0),
       (3006, 3, '林下白鹅认养', 'goose', 180, 588.00, '成鹅净重约4.5kg',
        '林下放养白鹅，饲喂谷物和青饲料，支持成长轨迹查看。',
        'https://images.pexels.com/photos/14985351/pexels-photo-14985351.jpeg?cs=srgb&dl=pexels-ghost-acolyte-250462023-14985351.jpg&fm=jpg',
        25, 0, 25, 1, 1, CURRENT_TIMESTAMP, CURRENT_TIMESTAMP, 0),
       (3007, 4, '清水鲫鱼认养', 'fish', 120, 198.00, '成鱼约1.5kg/尾',
        '清水塘口养殖，支持投喂和起捕记录，到期鲜活发货。',
        'https://images.pexels.com/photos/10112467/pexels-photo-10112467.jpeg',
        60, 0, 60, 1, 1, CURRENT_TIMESTAMP, CURRENT_TIMESTAMP, 0),
       (3008, 4, '林地土鸡认养', 'chicken', 120, 298.00, '成鸡净重约2.2kg/只',
        '林地散养土鸡，提供日常喂养日志，认养结束后可整鸡配送。',
        'https://images.pexels.com/photos/25884472/pexels-photo-25884472.jpeg',
        80, 0, 80, 1, 1, CURRENT_TIMESTAMP, CURRENT_TIMESTAMP, 0),
       (3009, 5, '藏香猪认养', 'pig', 200, 2280.00, '预计净肉95kg',
        '高原饲养藏香猪，肉质紧实，支持视频探栏和阶段称重。',
        'https://images.pexels.com/photos/8259470/pexels-photo-8259470.jpeg?cs=srgb&dl=pexels-julissa-helmuth-2849380-8259470.jpg&fm=jpg',
        15, 0, 15, 1, 1, CURRENT_TIMESTAMP, CURRENT_TIMESTAMP, 0),
       (3010, 5, '育肥黄牛认养', 'cattle', 300, 5980.00, '预计出肉240kg',
        '育肥黄牛全程可追溯，按月同步体况，到期支持预约分割。',
        'https://images.pexels.com/photos/1805164/pexels-photo-1805164.jpeg?cs=srgb&dl=pexels-pixabay-1805164.jpg&fm=jpg',
        10, 0, 10, 1, 1, CURRENT_TIMESTAMP, CURRENT_TIMESTAMP, 0),
       (3011, 6, '草坡湖羊认养', 'sheep', 240, 2180.00, '预计净肉32kg',
        '草坡放养湖羊，按周同步健康状态，认养结束支持整只发货。',
        'https://images.pexels.com/photos/4164370/pexels-photo-4164370.jpeg?cs=srgb&dl=pexels-fotios-photos-4164370.jpg&fm=jpg',
        14, 0, 14, 1, 1, CURRENT_TIMESTAMP, CURRENT_TIMESTAMP, 0),
       (3012, 6, '农家灰兔认养', 'rabbit', 90, 238.00, '成兔净重约2kg',
        '农家灰兔定量饲喂，提供成长照片和饲料记录，到期支持冷鲜配送。',
        'https://images.pexels.com/photos/27075808/pexels-photo-27075808.jpeg?cs=srgb&dl=pexels-efrem-efre-2786187-27075808.jpg&fm=jpg',
        55, 0, 55, 1, 1, CURRENT_TIMESTAMP, CURRENT_TIMESTAMP, 0),
       (3013, 7, '河塘番鸭认养', 'duck', 130, 298.00, '成鸭净重约2.3kg',
        '河塘生态番鸭，支持日常巡塘记录，认养到期可整只配送。',
        'https://images.pexels.com/photos/31481093/pexels-photo-31481093.jpeg?cs=srgb&dl=pexels-vika-31481093.jpg&fm=jpg',
        36, 0, 36, 1, 1, CURRENT_TIMESTAMP, CURRENT_TIMESTAMP, 0),
       (3014, 7, '生态灰鹅认养', 'goose', 160, 528.00, '成鹅净重约4kg',
        '谷物和青饲料混合饲养，支持成长打卡，到期鲜宰冷链发货。',
        'https://images.pexels.com/photos/14985351/pexels-photo-14985351.jpeg?cs=srgb&dl=pexels-ghost-acolyte-250462023-14985351.jpg&fm=jpg',
        22, 0, 22, 1, 1, CURRENT_TIMESTAMP, CURRENT_TIMESTAMP, 0),
       (3015, 8, '稻田鲤鱼认养', 'fish', 150, 228.00, '成鱼约2kg/尾',
        '稻田生态养殖鲤鱼，支持投喂记录和起捕发货，到期鲜活配送。',
        'https://images.pexels.com/photos/10112467/pexels-photo-10112467.jpeg',
        48, 0, 48, 1, 1, CURRENT_TIMESTAMP, CURRENT_TIMESTAMP, 0),
       (3016, 8, '谷饲乌鸡认养', 'chicken', 150, 368.00, '成鸡净重约2kg/只',
        '谷饲乌鸡林地散养，支持成长日志查看，认养期满支持整鸡配送。',
        'https://images.pexels.com/photos/25884472/pexels-photo-25884472.jpeg',
        42, 0, 42, 1, 1, CURRENT_TIMESTAMP, CURRENT_TIMESTAMP, 0),
       (3017, 9, '生态香猪认养', 'pig', 180, 1888.00, '预计净肉85kg',
        '生态香猪肉香浓郁，支持巡栏直播和阶段称重，到期支持冷链发货。',
        'https://images.pexels.com/photos/8259470/pexels-photo-8259470.jpeg?cs=srgb&dl=pexels-julissa-helmuth-2849380-8259470.jpg&fm=jpg',
        18, 0, 18, 1, 1, CURRENT_TIMESTAMP, CURRENT_TIMESTAMP, 0),
       (3018, 9, '小黄牛认养', 'cattle', 280, 4980.00, '预计出肉220kg',
        '小黄牛规范化育肥，提供月度称重和饲喂记录，到期支持预约分割。',
        'https://images.pexels.com/photos/1805164/pexels-photo-1805164.jpeg?cs=srgb&dl=pexels-pixabay-1805164.jpg&fm=jpg',
        9, 0, 9, 1, 1, CURRENT_TIMESTAMP, CURRENT_TIMESTAMP, 0),
       (3019, 10, '牧场湖羊认养', 'sheep', 210, 2080.00, '预计净肉30kg',
        '牧场草饲湖羊，支持每周成长记录，到期后可整只或分割配送。',
        'https://images.pexels.com/photos/4164370/pexels-photo-4164370.jpeg?cs=srgb&dl=pexels-fotios-photos-4164370.jpg&fm=jpg',
        16, 0, 16, 1, 1, CURRENT_TIMESTAMP, CURRENT_TIMESTAMP, 0),
       (3020, 10, '冷泉虹鳟认养', 'fish', 180, 368.00, '成鱼约2.5kg/尾',
        '冷泉水质养殖虹鳟，支持投喂与增重记录，到期鲜活冷链配送。',
        'https://images.pexels.com/photos/10112467/pexels-photo-10112467.jpeg',
        32, 0, 32, 1, 1, CURRENT_TIMESTAMP, CURRENT_TIMESTAMP, 0);

-- 审核记录初始化数据
INSERT INTO t_audit_record (id, biz_type, biz_id, audit_status, submitter_id, auditor_id, audit_time, reject_reason,
                            create_time, update_time, del_flag)
VALUES (4001, 1, 1001, 1, 11, 1, CURRENT_TIMESTAMP, NULL, CURRENT_TIMESTAMP, CURRENT_TIMESTAMP, 0),
       (4002, 1, 1002, 1, 11, 1, CURRENT_TIMESTAMP, NULL, CURRENT_TIMESTAMP, CURRENT_TIMESTAMP, 0),
       (4003, 1, 1003, 1, 12, 1, CURRENT_TIMESTAMP, NULL, CURRENT_TIMESTAMP, CURRENT_TIMESTAMP, 0),
       (4004, 1, 1004, 1, 12, 1, CURRENT_TIMESTAMP, NULL, CURRENT_TIMESTAMP, CURRENT_TIMESTAMP, 0),
       (4005, 1, 1005, 1, 13, 1, CURRENT_TIMESTAMP, NULL, CURRENT_TIMESTAMP, CURRENT_TIMESTAMP, 0),
       (4006, 1, 1006, 1, 13, 1, CURRENT_TIMESTAMP, NULL, CURRENT_TIMESTAMP, CURRENT_TIMESTAMP, 0),
       (4007, 1, 1007, 1, 14, 1, CURRENT_TIMESTAMP, NULL, CURRENT_TIMESTAMP, CURRENT_TIMESTAMP, 0),
       (4008, 1, 1008, 1, 14, 1, CURRENT_TIMESTAMP, NULL, CURRENT_TIMESTAMP, CURRENT_TIMESTAMP, 0),
       (4009, 1, 1009, 1, 15, 1, CURRENT_TIMESTAMP, NULL, CURRENT_TIMESTAMP, CURRENT_TIMESTAMP, 0),
       (4010, 1, 1010, 1, 15, 1, CURRENT_TIMESTAMP, NULL, CURRENT_TIMESTAMP, CURRENT_TIMESTAMP, 0),
       (4011, 1, 1011, 1, 16, 1, CURRENT_TIMESTAMP, NULL, CURRENT_TIMESTAMP, CURRENT_TIMESTAMP, 0),
       (4012, 1, 1012, 1, 16, 1, CURRENT_TIMESTAMP, NULL, CURRENT_TIMESTAMP, CURRENT_TIMESTAMP, 0),
       (4013, 1, 1013, 1, 17, 1, CURRENT_TIMESTAMP, NULL, CURRENT_TIMESTAMP, CURRENT_TIMESTAMP, 0),
       (4014, 1, 1014, 1, 17, 1, CURRENT_TIMESTAMP, NULL, CURRENT_TIMESTAMP, CURRENT_TIMESTAMP, 0),
       (4015, 1, 1015, 1, 18, 1, CURRENT_TIMESTAMP, NULL, CURRENT_TIMESTAMP, CURRENT_TIMESTAMP, 0),
       (4016, 1, 1016, 1, 18, 1, CURRENT_TIMESTAMP, NULL, CURRENT_TIMESTAMP, CURRENT_TIMESTAMP, 0),
       (4017, 1, 1017, 1, 19, 1, CURRENT_TIMESTAMP, NULL, CURRENT_TIMESTAMP, CURRENT_TIMESTAMP, 0),
       (4018, 1, 1018, 1, 19, 1, CURRENT_TIMESTAMP, NULL, CURRENT_TIMESTAMP, CURRENT_TIMESTAMP, 0),
       (4019, 1, 1019, 1, 20, 1, CURRENT_TIMESTAMP, NULL, CURRENT_TIMESTAMP, CURRENT_TIMESTAMP, 0),
       (4020, 1, 1020, 1, 20, 1, CURRENT_TIMESTAMP, NULL, CURRENT_TIMESTAMP, CURRENT_TIMESTAMP, 0),
       (4021, 0, 3001, 1, 11, 1, CURRENT_TIMESTAMP, NULL, CURRENT_TIMESTAMP, CURRENT_TIMESTAMP, 0),
       (4022, 0, 3002, 1, 11, 1, CURRENT_TIMESTAMP, NULL, CURRENT_TIMESTAMP, CURRENT_TIMESTAMP, 0),
       (4023, 0, 3003, 1, 12, 1, CURRENT_TIMESTAMP, NULL, CURRENT_TIMESTAMP, CURRENT_TIMESTAMP, 0),
       (4024, 0, 3004, 1, 12, 1, CURRENT_TIMESTAMP, NULL, CURRENT_TIMESTAMP, CURRENT_TIMESTAMP, 0),
       (4025, 0, 3005, 1, 13, 1, CURRENT_TIMESTAMP, NULL, CURRENT_TIMESTAMP, CURRENT_TIMESTAMP, 0),
       (4026, 0, 3006, 1, 13, 1, CURRENT_TIMESTAMP, NULL, CURRENT_TIMESTAMP, CURRENT_TIMESTAMP, 0),
       (4027, 0, 3007, 1, 14, 1, CURRENT_TIMESTAMP, NULL, CURRENT_TIMESTAMP, CURRENT_TIMESTAMP, 0),
       (4028, 0, 3008, 1, 14, 1, CURRENT_TIMESTAMP, NULL, CURRENT_TIMESTAMP, CURRENT_TIMESTAMP, 0),
       (4029, 0, 3009, 1, 15, 1, CURRENT_TIMESTAMP, NULL, CURRENT_TIMESTAMP, CURRENT_TIMESTAMP, 0),
       (4030, 0, 3010, 1, 15, 1, CURRENT_TIMESTAMP, NULL, CURRENT_TIMESTAMP, CURRENT_TIMESTAMP, 0),
       (4031, 0, 3011, 1, 16, 1, CURRENT_TIMESTAMP, NULL, CURRENT_TIMESTAMP, CURRENT_TIMESTAMP, 0),
       (4032, 0, 3012, 1, 16, 1, CURRENT_TIMESTAMP, NULL, CURRENT_TIMESTAMP, CURRENT_TIMESTAMP, 0),
       (4033, 0, 3013, 1, 17, 1, CURRENT_TIMESTAMP, NULL, CURRENT_TIMESTAMP, CURRENT_TIMESTAMP, 0),
       (4034, 0, 3014, 1, 17, 1, CURRENT_TIMESTAMP, NULL, CURRENT_TIMESTAMP, CURRENT_TIMESTAMP, 0),
       (4035, 0, 3015, 1, 18, 1, CURRENT_TIMESTAMP, NULL, CURRENT_TIMESTAMP, CURRENT_TIMESTAMP, 0),
       (4036, 0, 3016, 1, 18, 1, CURRENT_TIMESTAMP, NULL, CURRENT_TIMESTAMP, CURRENT_TIMESTAMP, 0),
       (4037, 0, 3017, 1, 19, 1, CURRENT_TIMESTAMP, NULL, CURRENT_TIMESTAMP, CURRENT_TIMESTAMP, 0),
       (4038, 0, 3018, 1, 19, 1, CURRENT_TIMESTAMP, NULL, CURRENT_TIMESTAMP, CURRENT_TIMESTAMP, 0),
       (4039, 0, 3019, 1, 20, 1, CURRENT_TIMESTAMP, NULL, CURRENT_TIMESTAMP, CURRENT_TIMESTAMP, 0),
       (4040, 0, 3020, 1, 20, 1, CURRENT_TIMESTAMP, NULL, CURRENT_TIMESTAMP, CURRENT_TIMESTAMP, 0);
