-- 用户表数据
INSERT INTO t_users (id, username, password, phone, email, avatar, user_type, status, create_time, update_time,
                     del_flag)
VALUES (1, 'admin', '123456', '13800138001', 'admin@example.com', 'https://example.com/avatar/admin.jpg', 2, 0,
        CURRENT_TIMESTAMP, CURRENT_TIMESTAMP, 0),
       (2, 'user1', '123456', '13800138002', 'user1@example.com', 'https://example.com/avatar/user1.jpg', 0, 0,
        CURRENT_TIMESTAMP, CURRENT_TIMESTAMP, 0),
       (3, 'user2', '123456', '13800138003', 'user2@example.com', 'https://example.com/avatar/user2.jpg', 0, 0,
        CURRENT_TIMESTAMP, CURRENT_TIMESTAMP, 0),
       (4, 'user3', '123456', '13800138004', 'user3@example.com', 'https://example.com/avatar/user3.jpg', 0, 0,
        CURRENT_TIMESTAMP, CURRENT_TIMESTAMP, 0),
       (5, 'user4', '123456', '13800138005', 'user4@example.com', 'https://example.com/avatar/user4.jpg', 0, 0,
        CURRENT_TIMESTAMP, CURRENT_TIMESTAMP, 0),
       (6, 'user5', '123456', '13800138006', 'user5@example.com', 'https://example.com/avatar/user5.jpg', 0, 0,
        CURRENT_TIMESTAMP, CURRENT_TIMESTAMP, 0),
       (7, 'user6', '123456', '13800138007', 'user6@example.com', 'https://example.com/avatar/user6.jpg', 0, 0,
        CURRENT_TIMESTAMP, CURRENT_TIMESTAMP, 0),
       (8, 'user7', '123456', '13800138008', 'user7@example.com', 'https://example.com/avatar/user7.jpg', 0, 0,
        CURRENT_TIMESTAMP, CURRENT_TIMESTAMP, 0),
       (9, 'user8', '123456', '13800138009', 'user8@example.com', 'https://example.com/avatar/user8.jpg', 0, 0,
        CURRENT_TIMESTAMP, CURRENT_TIMESTAMP, 0),
       (10, 'user9', '123456', '13800138010', 'user9@example.com', 'https://example.com/avatar/user9.jpg', 0, 0,
        CURRENT_TIMESTAMP, CURRENT_TIMESTAMP, 0),
       (11, 'farmer1', '123456', '13800138011', 'farmer1@example.com', 'https://example.com/avatar/farmer1.jpg', 1, 0,
        CURRENT_TIMESTAMP, CURRENT_TIMESTAMP, 0),
       (12, 'farmer2', '123456', '13800138012', 'farmer2@example.com', 'https://example.com/avatar/farmer2.jpg', 1, 0,
        CURRENT_TIMESTAMP, CURRENT_TIMESTAMP, 0),
       (13, 'farmer3', '123456', '13800138013', 'farmer3@example.com', 'https://example.com/avatar/farmer3.jpg', 1, 0,
        CURRENT_TIMESTAMP, CURRENT_TIMESTAMP, 0),
       (14, 'farmer4', '123456', '13800138014', 'farmer4@example.com', 'https://example.com/avatar/farmer4.jpg', 1, 0,
        CURRENT_TIMESTAMP, CURRENT_TIMESTAMP, 0),
       (15, 'farmer5', '123456', '13800138015', 'farmer5@example.com', 'https://example.com/avatar/farmer5.jpg', 1, 0,
        CURRENT_TIMESTAMP, CURRENT_TIMESTAMP, 0),
       (16, 'farmer6', '123456', '13800138016', 'farmer6@example.com', 'https://example.com/avatar/farmer6.jpg', 1, 0,
        CURRENT_TIMESTAMP, CURRENT_TIMESTAMP, 0),
       (17, 'farmer7', '123456', '13800138017', 'farmer7@example.com', 'https://example.com/avatar/farmer7.jpg', 1, 0,
        CURRENT_TIMESTAMP, CURRENT_TIMESTAMP, 0),
       (18, 'farmer8', '123456', '13800138018', 'farmer8@example.com', 'https://example.com/avatar/farmer8.jpg', 1, 0,
        CURRENT_TIMESTAMP, CURRENT_TIMESTAMP, 0),
       (19, 'farmer9', '123456', '13800138019', 'farmer9@example.com', 'https://example.com/avatar/farmer9.jpg', 1, 0,
        CURRENT_TIMESTAMP, CURRENT_TIMESTAMP, 0),
       (20, 'farmer10', '123456', '13800138020', 'farmer10@example.com', 'https://example.com/avatar/farmer10.jpg', 1,
        0, CURRENT_TIMESTAMP, CURRENT_TIMESTAMP, 0);

-- 农户表数据
INSERT INTO t_farmer (id, user_id, real_name, id_card, house_address, farm_name, farm_address, farm_area, breeding_type,
                      business_license_no, business_license_pic, environment_images, featured_flag, remark, review_status, review_user_id, review_remark,
                      create_time, update_time, del_flag)
VALUES (1, 11, '张三', '110101199001011234', '北京市朝阳区', '张三养殖场', '北京市朝阳区农场路1号', 100.5, '猪',
        123456789012345678, 'https://example.com/license/farmer1.jpg',
        'https://example.com/farmer/environment/farmer1-1.jpg,https://example.com/farmer/environment/farmer1-2.jpg', 1,
        '申请养殖许可证', 1, '1', '审核通过',
        CURRENT_TIMESTAMP, CURRENT_TIMESTAMP, 0),
       (2, 12, '李四', '110101199002022345', '北京市海淀区', '李四养殖场', '北京市海淀区农场路2号', 150.8, '牛',
        234567890123456789, 'https://example.com/license/farmer2.jpg',
        'https://example.com/farmer/environment/farmer2-1.jpg,https://example.com/farmer/environment/farmer2-2.jpg', 1,
        '申请养殖许可证', 1, '1', '审核通过',
        CURRENT_TIMESTAMP, CURRENT_TIMESTAMP, 0),
       (3, 13, '王五', '110101199003033456', '北京市丰台区', '王五养殖场', '北京市丰台区农场路3号', 200.3, '羊',
        345678901234567890, 'https://example.com/license/farmer3.jpg',
        'https://example.com/farmer/environment/farmer3-1.jpg,https://example.com/farmer/environment/farmer3-2.jpg', 1,
        '申请养殖许可证', 1, '1', '审核通过',
        CURRENT_TIMESTAMP, CURRENT_TIMESTAMP, 0),
       (4, 14, '赵六', '110101199004044567', '北京市西城区', '赵六养殖场', '北京市西城区农场路4号', 80.2, '鸡',
        456789012345678901, 'https://example.com/license/farmer4.jpg',
        'https://example.com/farmer/environment/farmer4-1.jpg,https://example.com/farmer/environment/farmer4-2.jpg', 1,
        '申请养殖许可证', 1, '1', '审核通过',
        CURRENT_TIMESTAMP, CURRENT_TIMESTAMP, 0),
       (5, 15, '孙七', '110101199005055678', '北京市东城区', '孙七养殖场', '北京市东城区农场路5号', 120.6, '鸭',
        567890123456789012, 'https://example.com/license/farmer5.jpg',
        'https://example.com/farmer/environment/farmer5-1.jpg,https://example.com/farmer/environment/farmer5-2.jpg', 0,
        '申请养殖许可证', 1, '1', '审核通过',
        CURRENT_TIMESTAMP, CURRENT_TIMESTAMP, 0),
       (6, 16, '周八', '110101199006066789', '北京市石景山区', '周八养殖场', '北京市石景山区农场路6号', 90.4, '鹅',
        678901234567890123, 'https://example.com/license/farmer6.jpg',
        'https://example.com/farmer/environment/farmer6-1.jpg,https://example.com/farmer/environment/farmer6-2.jpg', 0,
        '申请养殖许可证', 1, '1', '审核通过',
        CURRENT_TIMESTAMP, CURRENT_TIMESTAMP, 0),
       (7, 17, '吴九', '110101199007077890', '北京市通州区', '吴九养殖场', '北京市通州区农场路7号', 180.7, '鱼',
        789012345678901234, 'https://example.com/license/farmer7.jpg',
        'https://example.com/farmer/environment/farmer7-1.jpg,https://example.com/farmer/environment/farmer7-2.jpg', 0,
        '申请养殖许可证', 1, '1', '审核通过',
        CURRENT_TIMESTAMP, CURRENT_TIMESTAMP, 0),
       (8, 18, '郑十', '110101199008088901', '北京市昌平区', '郑十养殖场', '北京市昌平区农场路8号', 160.9, '兔子',
        890123456789012345, 'https://example.com/license/farmer8.jpg',
        'https://example.com/farmer/environment/farmer8-1.jpg,https://example.com/farmer/environment/farmer8-2.jpg', 0,
        '申请养殖许可证', 1, '1', '审核通过',
        CURRENT_TIMESTAMP, CURRENT_TIMESTAMP, 0),
       (9, 19, '王十一', '110101199009099012', '北京市大兴区', '王十一养殖场', '北京市大兴区农场路9号', 220.1, '鸽子',
        901234567890123456, 'https://example.com/license/farmer9.jpg',
        'https://example.com/farmer/environment/farmer9-1.jpg,https://example.com/farmer/environment/farmer9-2.jpg', 0,
        '申请养殖许可证', 1, '1', '审核通过',
        CURRENT_TIMESTAMP, CURRENT_TIMESTAMP, 0),
       (10, 20, '李十二', '110101199010100123', '北京市顺义区', '李十二养殖场', '北京市顺义区农场路10号', 140.3, '鹌鹑',
        123456789012345678, 'https://example.com/license/farmer10.jpg',
        'https://example.com/farmer/environment/farmer10-1.jpg,https://example.com/farmer/environment/farmer10-2.jpg', 0,
        '申请养殖许可证', 1, '1', '审核通过',
        CURRENT_TIMESTAMP, CURRENT_TIMESTAMP, 0);

-- 店铺表数据
INSERT INTO t_shops (id, farmer_id, shop_name, shop_avatar, shop_banner, description, announcement, status, create_time,
                     update_time, del_flag)
VALUES (1, 11, '张三农家店', 'https://example.com/shop/avatar/shop1.jpg', 'https://example.com/shop/banner/shop1.jpg',
        '专业养殖各种家畜，品质保证', '欢迎光临，全场满100减20', 1, CURRENT_TIMESTAMP, CURRENT_TIMESTAMP, 0),
       (2, 12, '李四农家店', 'https://example.com/shop/avatar/shop2.jpg', 'https://example.com/shop/banner/shop2.jpg',
        '绿色养殖，健康食品', '新店开业，全场8折', 1, CURRENT_TIMESTAMP, CURRENT_TIMESTAMP, 0),
       (3, 13, '王五农家店', 'https://example.com/shop/avatar/shop3.jpg', 'https://example.com/shop/banner/shop3.jpg',
        '原生态养殖，口感鲜美', '满200减50，多买多送', 1, CURRENT_TIMESTAMP, CURRENT_TIMESTAMP, 0),
       (4, 14, '赵六农家店', 'https://example.com/shop/avatar/shop4.jpg', 'https://example.com/shop/banner/shop4.jpg',
        '散养土鸡，营养丰富', '限时优惠，买一送一', 1, CURRENT_TIMESTAMP, CURRENT_TIMESTAMP, 0),
       (5, 15, '孙七农家店', 'https://example.com/shop/avatar/shop5.jpg', 'https://example.com/shop/banner/shop5.jpg',
        '水鸭养殖，肉质鲜嫩', '全场满150减30', 1, CURRENT_TIMESTAMP, CURRENT_TIMESTAMP, 0),
       (6, 16, '周八农家店', 'https://example.com/shop/avatar/shop6.jpg', 'https://example.com/shop/banner/shop6.jpg',
        '生态养鹅，绿色健康', '新用户立减20', 1, CURRENT_TIMESTAMP, CURRENT_TIMESTAMP, 0),
       (7, 17, '吴九农家店', 'https://example.com/shop/avatar/shop7.jpg', 'https://example.com/shop/banner/shop7.jpg',
        '淡水养鱼，新鲜直达', '满300减80', 1, CURRENT_TIMESTAMP, CURRENT_TIMESTAMP, 0),
       (8, 18, '郑十农家店', 'https://example.com/shop/avatar/shop8.jpg', 'https://example.com/shop/banner/shop8.jpg',
        '兔肉养殖，高蛋白低脂肪', '全场满120减25', 1, CURRENT_TIMESTAMP, CURRENT_TIMESTAMP, 0),
       (9, 19, '王十一农家店', 'https://example.com/shop/avatar/shop9.jpg', 'https://example.com/shop/banner/shop9.jpg',
        '肉鸽养殖，营养滋补', '满200减40', 1, CURRENT_TIMESTAMP, CURRENT_TIMESTAMP, 0),
       (10, 20, '李十二农家店', 'https://example.com/shop/avatar/shop10.jpg',
        'https://example.com/shop/banner/shop10.jpg', '鹌鹑养殖，肉质细腻', '满100减15', 1, CURRENT_TIMESTAMP,
        CURRENT_TIMESTAMP, 0);

-- 收货地址表数据
INSERT INTO t_receive_address (id, user_id, receiver_name, receiver_phone, province_name, city_name, district_name,
                               detail_address, is_default, remark, create_time, update_time, del_flag)
VALUES (1, 1, '管理员', '13800138001', '北京市', '北京市', '朝阳区', '朝阳区建国路88号', 1, '公司地址',
        CURRENT_TIMESTAMP, CURRENT_TIMESTAMP, 0),
       (2, 2, '用户1', '13800138002', '北京市', '北京市', '海淀区', '海淀区中关村大街1号', 1, '家', CURRENT_TIMESTAMP,
        CURRENT_TIMESTAMP, 0),
       (3, 2, '用户1', '13800138002', '上海市', '上海市', '浦东新区', '浦东新区世纪大道1号', 0, '公司',
        CURRENT_TIMESTAMP, CURRENT_TIMESTAMP, 0),
       (4, 3, '用户2', '13800138003', '广州市', '广州市', '天河区', '天河区天河路385号', 1, '家', CURRENT_TIMESTAMP,
        CURRENT_TIMESTAMP, 0),
       (5, 4, '用户3', '13800138004', '深圳市', '深圳市', '南山区', '南山区科技园', 1, '公司', CURRENT_TIMESTAMP,
        CURRENT_TIMESTAMP, 0),
       (6, 5, '用户4', '13800138005', '杭州市', '杭州市', '西湖区', '西湖区西湖大道1号', 1, '家', CURRENT_TIMESTAMP,
        CURRENT_TIMESTAMP, 0),
       (7, 6, '用户5', '13800138006', '成都市', '成都市', '锦江区', '锦江区红星路三段', 1, '家', CURRENT_TIMESTAMP,
        CURRENT_TIMESTAMP, 0),
       (8, 7, '用户6', '13800138007', '武汉市', '武汉市', '武昌区', '武昌区中南路', 1, '公司', CURRENT_TIMESTAMP,
        CURRENT_TIMESTAMP, 0),
       (9, 8, '用户7', '13800138008', '西安市', '西安市', '雁塔区', '雁塔区大雁塔南广场', 1, '家', CURRENT_TIMESTAMP,
        CURRENT_TIMESTAMP, 0),
       (10, 9, '用户8', '13800138009', '重庆市', '重庆市', '渝中区', '渝中区解放碑', 1, '公司', CURRENT_TIMESTAMP,
        CURRENT_TIMESTAMP, 0),
       (11, 10, '用户9', '13800138010', '南京市', '南京市', '玄武区', '玄武区玄武湖公园', 1, '家', CURRENT_TIMESTAMP,
        CURRENT_TIMESTAMP, 0),
       (12, 11, '张三', '13800138011', '北京市', '北京市', '朝阳区', '朝阳区农场路1号', 1, '养殖场地址',
        CURRENT_TIMESTAMP, CURRENT_TIMESTAMP, 0),
       (13, 12, '李四', '13800138012', '北京市', '北京市', '海淀区', '海淀区农场路2号', 1, '养殖场地址',
        CURRENT_TIMESTAMP, CURRENT_TIMESTAMP, 0),
       (14, 13, '王五', '13800138013', '北京市', '北京市', '丰台区', '丰台区农场路3号', 1, '养殖场地址',
        CURRENT_TIMESTAMP, CURRENT_TIMESTAMP, 0),
       (15, 14, '赵六', '13800138014', '北京市', '北京市', '西城区', '西城区农场路4号', 1, '养殖场地址',
        CURRENT_TIMESTAMP, CURRENT_TIMESTAMP, 0),
       (16, 15, '孙七', '13800138015', '北京市', '北京市', '东城区', '东城区农场路5号', 1, '养殖场地址',
        CURRENT_TIMESTAMP, CURRENT_TIMESTAMP, 0);
-- 分类初始化数据
INSERT INTO t_category (id, name, parent_id, sort_order, create_time, update_time, del_flag)
VALUES (1, '生鲜果蔬', NULL, 10, CURRENT_TIMESTAMP, CURRENT_TIMESTAMP, 0),
       (2, '肉禽蛋类', NULL, 20, CURRENT_TIMESTAMP, CURRENT_TIMESTAMP, 0),
       (3, '粮油干货', NULL, 30, CURRENT_TIMESTAMP, CURRENT_TIMESTAMP, 0),
       (11, '叶菜类', 1, 10, CURRENT_TIMESTAMP, CURRENT_TIMESTAMP, 0),
       (12, '根茎类', 1, 20, CURRENT_TIMESTAMP, CURRENT_TIMESTAMP, 0),
       (13, '水果类', 1, 30, CURRENT_TIMESTAMP, CURRENT_TIMESTAMP, 0),
       (21, '猪肉类', 2, 10, CURRENT_TIMESTAMP, CURRENT_TIMESTAMP, 0),
       (22, '禽肉类', 2, 20, CURRENT_TIMESTAMP, CURRENT_TIMESTAMP, 0),
       (23, '蛋类', 2, 30, CURRENT_TIMESTAMP, CURRENT_TIMESTAMP, 0),
       (31, '大米', 3, 10, CURRENT_TIMESTAMP, CURRENT_TIMESTAMP, 0),
       (32, '面粉', 3, 20, CURRENT_TIMESTAMP, CURRENT_TIMESTAMP, 0),
       (33, '食用油', 3, 30, CURRENT_TIMESTAMP, CURRENT_TIMESTAMP, 0);

-- 属性初始化数据（attr_type: 0-基础属性, 1-销售属性）
INSERT INTO t_attribute (id, category_id, name, attr_type, sort, create_time, update_time, del_flag)
VALUES (1, 11, '产地', 0, 10, CURRENT_TIMESTAMP, CURRENT_TIMESTAMP, 0),
       (2, 11, '保质期(天)', 0, 20, CURRENT_TIMESTAMP, CURRENT_TIMESTAMP, 0),
       (3, 11, '有机等级', 0, 30, CURRENT_TIMESTAMP, CURRENT_TIMESTAMP, 0),
       (4, 11, '包装规格', 1, 10, CURRENT_TIMESTAMP, CURRENT_TIMESTAMP, 0),
       (5, 11, '重量规格', 1, 20, CURRENT_TIMESTAMP, CURRENT_TIMESTAMP, 0),
       (6, 12, '产地', 0, 10, CURRENT_TIMESTAMP, CURRENT_TIMESTAMP, 0),
       (7, 12, '淀粉含量', 0, 20, CURRENT_TIMESTAMP, CURRENT_TIMESTAMP, 0),
       (8, 12, '农残检测', 0, 30, CURRENT_TIMESTAMP, CURRENT_TIMESTAMP, 0),
       (9, 12, '包装规格', 1, 10, CURRENT_TIMESTAMP, CURRENT_TIMESTAMP, 0),
       (10, 12, '重量规格', 1, 20, CURRENT_TIMESTAMP, CURRENT_TIMESTAMP, 0),
       (11, 13, '产地', 0, 10, CURRENT_TIMESTAMP, CURRENT_TIMESTAMP, 0),
       (12, 13, '甜度等级', 0, 20, CURRENT_TIMESTAMP, CURRENT_TIMESTAMP, 0),
       (13, 13, '果径规格', 0, 30, CURRENT_TIMESTAMP, CURRENT_TIMESTAMP, 0),
       (14, 13, '包装规格', 1, 10, CURRENT_TIMESTAMP, CURRENT_TIMESTAMP, 0),
       (15, 13, '重量规格', 1, 20, CURRENT_TIMESTAMP, CURRENT_TIMESTAMP, 0),
       (16, 21, '品种', 0, 10, CURRENT_TIMESTAMP, CURRENT_TIMESTAMP, 0),
       (17, 21, '储存温度', 0, 20, CURRENT_TIMESTAMP, CURRENT_TIMESTAMP, 0),
       (18, 21, '分割部位', 1, 10, CURRENT_TIMESTAMP, CURRENT_TIMESTAMP, 0),
       (19, 21, '重量规格', 1, 20, CURRENT_TIMESTAMP, CURRENT_TIMESTAMP, 0),
       (20, 22, '品种', 0, 10, CURRENT_TIMESTAMP, CURRENT_TIMESTAMP, 0),
       (21, 22, '屠宰日期', 0, 20, CURRENT_TIMESTAMP, CURRENT_TIMESTAMP, 0),
       (22, 22, '分割部位', 1, 10, CURRENT_TIMESTAMP, CURRENT_TIMESTAMP, 0),
       (23, 22, '重量规格', 1, 20, CURRENT_TIMESTAMP, CURRENT_TIMESTAMP, 0),
       (24, 23, '蛋重等级', 0, 10, CURRENT_TIMESTAMP, CURRENT_TIMESTAMP, 0),
       (25, 23, '饲养方式', 0, 20, CURRENT_TIMESTAMP, CURRENT_TIMESTAMP, 0),
       (26, 23, '包装规格', 1, 10, CURRENT_TIMESTAMP, CURRENT_TIMESTAMP, 0),
       (27, 23, '数量规格', 1, 20, CURRENT_TIMESTAMP, CURRENT_TIMESTAMP, 0),
       (28, 31, '品种', 0, 10, CURRENT_TIMESTAMP, CURRENT_TIMESTAMP, 0),
       (29, 31, '年份等级', 0, 20, CURRENT_TIMESTAMP, CURRENT_TIMESTAMP, 0),
       (30, 31, '碾磨精度', 0, 30, CURRENT_TIMESTAMP, CURRENT_TIMESTAMP, 0),
       (31, 31, '包装规格', 1, 10, CURRENT_TIMESTAMP, CURRENT_TIMESTAMP, 0),
       (32, 31, '重量规格', 1, 20, CURRENT_TIMESTAMP, CURRENT_TIMESTAMP, 0),
       (33, 32, '蛋白质含量', 0, 10, CURRENT_TIMESTAMP, CURRENT_TIMESTAMP, 0),
       (34, 32, '筋度类型', 0, 20, CURRENT_TIMESTAMP, CURRENT_TIMESTAMP, 0),
       (35, 32, '灰分含量', 0, 30, CURRENT_TIMESTAMP, CURRENT_TIMESTAMP, 0),
       (36, 32, '包装规格', 1, 10, CURRENT_TIMESTAMP, CURRENT_TIMESTAMP, 0),
       (37, 32, '重量规格', 1, 20, CURRENT_TIMESTAMP, CURRENT_TIMESTAMP, 0),
       (38, 33, '原料', 0, 10, CURRENT_TIMESTAMP, CURRENT_TIMESTAMP, 0),
       (39, 33, '压榨工艺', 0, 20, CURRENT_TIMESTAMP, CURRENT_TIMESTAMP, 0),
       (40, 33, '等级', 0, 30, CURRENT_TIMESTAMP, CURRENT_TIMESTAMP, 0),
       (41, 33, '瓶型规格', 1, 10, CURRENT_TIMESTAMP, CURRENT_TIMESTAMP, 0),
       (42, 33, '容量规格', 1, 20, CURRENT_TIMESTAMP, CURRENT_TIMESTAMP, 0);
